-- phpMyAdmin SQL Dump
-- version 3.1.1
-- http://www.phpmyadmin.net
--
-- Host: localhost
-- Generation Time: Jul 29, 2016 at 01:30 AM
-- Server version: 5.1.30
-- PHP Version: 5.2.8

SET SQL_MODE="NO_AUTO_VALUE_ON_ZERO";


/*!40101 SET @OLD_CHARACTER_SET_CLIENT=@@CHARACTER_SET_CLIENT */;
/*!40101 SET @OLD_CHARACTER_SET_RESULTS=@@CHARACTER_SET_RESULTS */;
/*!40101 SET @OLD_COLLATION_CONNECTION=@@COLLATION_CONNECTION */;
/*!40101 SET NAMES utf8 */;

--
-- Database: `educatio_db`
--

-- --------------------------------------------------------

--
-- Table structure for table `admin`
--

CREATE TABLE IF NOT EXISTS `admin` (
  `aid` varchar(10) NOT NULL,
  `aname` varchar(50) NOT NULL,
  `apass` varchar(50) NOT NULL,
  `acontact` varchar(10) NOT NULL,
  `aemail` varchar(100) NOT NULL,
  `acity` varchar(100) NOT NULL,
  `apic` varchar(1000) NOT NULL,
  PRIMARY KEY (`aid`),
  UNIQUE KEY `aid` (`aid`)
) ENGINE=MyISAM DEFAULT CHARSET=latin1;

--
-- Dumping data for table `admin`
--

INSERT INTO `admin` (`aid`, `aname`, `apass`, `acontact`, `aemail`, `acity`, `apic`) VALUES
('A001', 'Apurva', 'c44fe670a873acc9ff795d2ccb183eb6e27985c1', '9005644477', 'apurvakrishna66@gmail.com', 'Allahabad', ''),
('A002', 'Prachi', '2db81f291b04f6e5178491729034395043121850', '2147483647', 'offfice07@gmail.com', 'allahabad', ''),
('A003', 'Shaila', '41f6177a857b9409e1720fb69068edc97ae3f876', '2147483647', 'shaila@gmail.com', 'allahabad', ''),
('A004', 'Yash', '612e9463accae2cac96562a83cbe0d97141f04ac', '8418867460', '11kesarwaniyash@gmail.com', 'Allahabad', 'Adminpics/anim1.jpg'),
('A005', 'Check', 'd56d985300d4b52eb6e189be006f44f8d23c5ec9', '9865742360', 'check@yahoo.in', 'checkcity', '');

-- --------------------------------------------------------

--
-- Table structure for table `city`
--

CREATE TABLE IF NOT EXISTS `city` (
  `cid` int(11) NOT NULL AUTO_INCREMENT,
  `cname` varchar(100) DEFAULT NULL,
  PRIMARY KEY (`cid`)
) ENGINE=MyISAM  DEFAULT CHARSET=latin1 AUTO_INCREMENT=782 ;

--
-- Dumping data for table `city`
--

INSERT INTO `city` (`cid`, `cname`) VALUES
(1, 'Mumbai '),
(2, 'Delhi'),
(3, 'Bangalore'),
(4, 'Abhayapuri'),
(5, 'Achabbal'),
(6, 'Achalpur'),
(7, 'Achhenra'),
(8, 'Adari'),
(9, 'Adalaj'),
(10, 'Adilabad'),
(11, 'Adityana'),
(12, 'Adoni'),
(13, 'Pereyaa'),
(14, 'Adoor'),
(15, 'Adyar'),
(16, 'Adra'),
(17, 'Afzalpura'),
(18, 'Agartala'),
(19, 'Agra'),
(20, 'Ahiwara'),
(21, 'Ahmedabad'),
(22, 'Ahmedgarh, Guj.'),
(23, 'Ahmedgarh, Punjab'),
(24, 'Ahmednagar'),
(25, 'Ahmedpur'),
(26, 'Aizwal'),
(27, 'Ajmer'),
(28, 'Ajra'),
(29, 'Akaltara'),
(30, 'Akathiyoor'),
(31, 'Akhnoor'),
(32, 'Akkalkot'),
(33, 'Akola'),
(34, 'Akot'),
(35, 'Alandha'),
(36, 'Alandi'),
(37, 'Alang'),
(38, 'Alappuzha'),
(39, 'Aldona'),
(40, 'Alibag'),
(41, 'Aligarh'),
(42, 'Alipurduar'),
(43, 'Allahabad'),
(44, '0'),
(45, 'Aalnavara'),
(46, 'Alur'),
(47, 'Alwar'),
(48, 'Amadalavalasa '),
(49, 'Amalapuram '),
(50, 'Amalner '),
(51, 'Amarpur'),
(52, 'Ambad'),
(53, 'Ambagarh Chowki'),
(54, 'Ambaji'),
(55, 'Ambaliyasan'),
(56, 'Ambejogaj'),
(57, 'Ambikaanagara '),
(58, 'Ambikapur'),
(59, 'Ambivali Tarf Wankhal '),
(60, 'Amguri'),
(61, 'Amini'),
(62, 'Amlabad'),
(63, 'Amli'),
(64, 'Amravati'),
(65, 'Amreli'),
(66, 'Amritsar'),
(67, 'Amroha'),
(68, 'Anakapalle'),
(69, 'Anand, Gujrat'),
(70, 'Anandpur'),
(71, 'Anandnagar'),
(72, 'Anantpur'),
(73, 'Anantnag'),
(74, 'Ancharakandy '),
(75, 'Andada'),
(76, 'Anekal'),
(77, 'Ankola'),
(78, 'Anjar'),
(79, 'Anjangaon , Maharashtra'),
(80, 'Anklav'),
(81, 'Ankleshwar'),
(82, 'Annigeri'),
(83, 'Antaliya'),
(84, 'Anugul'),
(85, 'Ara'),
(86, 'Arambhada'),
(87, 'Arakkonam'),
(88, 'Araria'),
(89, 'Arang'),
(90, 'Arambagh'),
(91, 'Arsikere'),
(92, 'Arcot'),
(93, 'Areraj'),
(94, 'Arkalgud'),
(95, 'Arki'),
(96, 'Arnia'),
(97, 'Aroor'),
(98, 'Arrah'),
(99, 'Aruppukkottai '),
(100, 'Arvi'),
(101, 'Asankhurd '),
(102, 'Asansol'),
(103, 'Asarganj'),
(104, 'Ashok Nagar'),
(105, 'Ashta'),
(106, 'Ashtamichira '),
(107, 'Asika'),
(108, 'Asola'),
(109, 'Assandh'),
(110, 'Ateli'),
(111, 'Athni'),
(112, 'Attingal'),
(113, 'Aurad'),
(114, 'Aurangabad, Bihar'),
(115, 'Aurangabad, Maharashtra'),
(116, 'Ausa, Maharashtra'),
(117, 'Avinissery '),
(118, 'Awantipora '),
(119, 'Azamgarh '),
(120, 'Babiyal'),
(121, 'Baddi, Himachal Pradesh'),
(122, 'Bade Bacheli'),
(123, 'Badaun'),
(124, 'Badepalle '),
(125, 'Badharghat '),
(126, 'Bagaha'),
(127, 'Bahadurgarh'),
(128, 'Bahadurganj'),
(129, 'Baharampur'),
(130, 'Bahraich'),
(131, 'Bairgania'),
(132, 'Bakhtiarpur '),
(133, 'Balaghat'),
(134, 'Balangir'),
(135, 'Balasore'),
(136, 'Balasore'),
(137, 'Baleshwar'),
(138, 'Bali'),
(139, 'Bally'),
(140, 'Ballabhgarh'),
(141, 'Ballia'),
(142, 'Balod'),
(143, 'Baloda'),
(144, 'Balrampur'),
(145, 'Balurghat'),
(146, 'Bamra'),
(147, 'Banda'),
(148, 'Bandikui'),
(149, 'Bandipore'),
(150, 'Banganapalle '),
(151, 'Banka'),
(152, 'Banmankhi '),
(153, 'Banswara'),
(154, 'Bankura'),
(155, 'Bapatla, Andhra Pradesh'),
(156, 'Barakar'),
(157, 'Barahiya'),
(158, 'Baramati'),
(159, 'Baramula, Jammu and Kashmir'),
(160, 'Baran'),
(161, 'Barasat'),
(162, 'Bradhaman'),
(163, 'Barauli, Bihar'),
(164, 'Barbigha'),
(165, 'Bareilly'),
(166, 'Bargarh'),
(167, 'Barughutu'),
(168, 'Basna'),
(169, 'Barbil'),
(170, 'Bargarh'),
(171, 'Barh, Bihar'),
(172, 'Baripada'),
(173, 'Barmer'),
(174, 'Barnala'),
(175, 'Barpeta'),
(176, 'Barrackpur'),
(177, 'Barwani'),
(178, 'Barwala'),
(179, 'Basudebpur '),
(180, 'Batala'),
(181, 'Bathinda'),
(182, 'Bawal, Haryana'),
(183, 'Bazpur'),
(184, 'Beawar'),
(185, 'Begusarai'),
(186, 'Behea'),
(187, 'Belagaavi'),
(188, 'Bellampalle '),
(189, 'Ballary'),
(190, 'Belpahar'),
(191, 'Bemetra'),
(192, 'Bengalooru'),
(193, 'Berhampur'),
(194, 'Bethamcherla '),
(195, 'Bettiah'),
(196, 'Betul'),
(197, 'Bhabua'),
(198, 'Bhadrachalam '),
(199, 'Bhadrak'),
(200, 'Bhagalpur'),
(201, 'Bhagha Purana'),
(202, 'Bhainsa'),
(203, 'Bhajanpura '),
(204, 'Bhandara'),
(205, 'Bharatpura'),
(206, 'Bharthana'),
(207, 'Bharuch'),
(208, 'Bhatapara'),
(209, 'Bhavani'),
(210, 'Bhavnagar'),
(211, 'Bhawanipatna'),
(212, 'Bheemunipatnam '),
(213, 'Bhilai'),
(214, 'Bhilwara'),
(215, 'Bhimavaram '),
(216, 'Bhinmal'),
(217, 'Bhiwandi'),
(218, 'Bhiwani'),
(219, 'Bhongir'),
(220, 'Bhopal'),
(221, 'Bhubaneswar'),
(222, 'Bhuj'),
(223, 'Bhusawal'),
(224, 'Bidar'),
(225, 'Bidhan'),
(226, 'Bihar'),
(227, 'Bijnaur'),
(228, 'Bikaner'),
(229, 'Bikramganj'),
(230, 'Bilara'),
(231, 'Bilasipara'),
(232, 'Bilaspur, Chhattisgarh'),
(233, 'Bilaspur, Himachal Pradesh'),
(234, 'Biramitrapur'),
(235, 'Birgaon'),
(236, 'Bobbili'),
(237, 'Bodhan'),
(238, 'Bodh Gaya'),
(239, 'Bokaro'),
(240, 'Bongaigaon '),
(241, 'Bomdila'),
(242, 'Brahmapur'),
(243, 'Brajrajnagar '),
(244, 'Budaun'),
(245, 'Budhlada'),
(246, 'Bulandshahr'),
(247, 'Burhanpur'),
(248, 'Burla'),
(249, 'Buxar'),
(250, 'Byasanagar '),
(251, 'Cambay'),
(252, 'Chaibasa'),
(253, 'Chakeri'),
(254, 'Chakradharpur '),
(255, 'Chalisgaon '),
(256, 'Chamba, Himachal Pradesh'),
(257, 'Chamba, Uttarakhand'),
(258, 'Champa'),
(259, 'Champawat'),
(260, 'Champhai'),
(261, 'Chamarajanagara '),
(262, 'Chandigarh'),
(263, 'Chandil'),
(264, 'Chandausi'),
(265, 'Chandrapura'),
(266, 'Chanpatia'),
(267, 'Charkhi'),
(268, 'Chapirevula'),
(269, 'Chatra'),
(270, 'Charkhari'),
(271, 'Chalakudy'),
(272, 'Chandrapur'),
(273, 'Changanassery '),
(274, 'Cheeka'),
(275, 'Chendamangalam '),
(276, 'Chengalpattu '),
(277, 'Chengannur '),
(278, 'Chennai'),
(279, 'Cherthala'),
(280, 'Cheruthazham'),
(281, 'Chhapra'),
(282, 'Chhatarpur'),
(283, 'Chhindwara'),
(284, 'Chikkodi'),
(285, 'Chikkamagalur '),
(286, 'Chilakaluripet '),
(287, 'Chinchani '),
(288, 'Chinna Salem'),
(289, 'Chinthaamani '),
(290, 'Chiplun'),
(291, 'Chirala'),
(292, 'Chirkunda'),
(293, 'Chirmiri'),
(294, 'Chinsura'),
(295, 'Chithradurga '),
(296, 'Chittur-Thathamangalam '),
(297, 'Chitrakoot'),
(298, 'Chittoor'),
(299, 'Chockli'),
(300, 'Churu'),
(301, 'Churi'),
(302, 'Coimbatore'),
(303, 'Colgong'),
(304, 'Contai'),
(305, 'Cooch Behar'),
(306, 'Coonoor'),
(307, 'Cuddalore'),
(308, 'Cuddapah'),
(309, 'Curchorem'),
(310, 'Cuttack'),
(311, 'Chikkaballapura '),
(312, 'Chandan Bara'),
(313, 'Dabra'),
(314, 'Dadri'),
(315, 'Dahod'),
(316, 'Dalhousie '),
(317, 'Dalkhola '),
(318, 'Dalli-Rajhara '),
(319, 'Dalsinghsarai '),
(320, 'Daltonganj '),
(321, 'Daman and Diu'),
(322, 'Damoh'),
(323, 'Darbhanga'),
(324, 'Darjeeling'),
(325, 'Dasua'),
(326, 'Datia'),
(327, 'Daudnagar'),
(328, 'Daund'),
(329, 'Davanageray '),
(330, 'Daudnagar '),
(331, 'Daund '),
(332, 'Davanageray '),
(333, 'Debagarh '),
(334, 'Deesa'),
(335, 'Dehgam'),
(336, 'Dehradun'),
(337, 'Dehri-on-Sone'),
(338, 'Deoghar'),
(339, 'Deoria'),
(340, 'Devarakonda'),
(341, 'Devgarh, Maharashtra'),
(342, 'Devgarh, Rajasthan'),
(343, 'Dewas'),
(344, 'Dhaka, Bihar'),
(345, 'Dhamatri'),
(346, 'Dharampur'),
(347, 'Dharamsala '),
(348, 'Dharmanagar '),
(349, 'Dharmapuri '),
(350, 'Dharmavaram '),
(351, 'Dharwad'),
(352, 'Dhekiajuli '),
(353, 'Dhenkanal '),
(354, 'Dholka '),
(355, 'Dhubri'),
(356, 'Dhule'),
(357, 'Dhulian'),
(358, 'Dhuri'),
(359, 'Dibrugarh'),
(360, 'Digboi'),
(361, 'Dighwara'),
(362, 'Dimapur'),
(363, 'Dinanagar'),
(364, 'Dindigul'),
(365, 'Diphu'),
(366, 'Dipka'),
(367, 'Dispur'),
(368, 'Dombivli'),
(369, 'Dongargarh'),
(370, 'Duliajan'),
(371, 'Dumdum'),
(372, 'Dumka '),
(373, 'Dumraon'),
(374, 'Durg-Bhilai Nagar'),
(375, 'Durgapur, Maharashtra'),
(376, 'Durgapur, West Bengal'),
(377, 'Dwarka'),
(378, 'Ellenabad'),
(379, 'Eluru'),
(380, 'Erattupetta'),
(381, 'Erode, Tamil Nadu'),
(382, 'Etah'),
(383, 'Etawah'),
(384, 'Faizabad'),
(385, 'Falna'),
(386, 'Faridabad'),
(387, 'Faridkot'),
(388, 'Farooqnagar'),
(389, 'Farukkhabad'),
(390, 'Fatehabad, Haryana'),
(391, 'Fatehabad, Madhya Pradesh'),
(392, 'Fatehabad, Uttar Pradesh'),
(393, 'Fatehgarh'),
(394, 'Fatehpur Chaurasi'),
(395, 'Fatehpur Sikri'),
(396, 'Fatehpur, Rajasthan'),
(397, 'Fatwah'),
(398, 'Fazilka'),
(399, 'Forbesganj'),
(400, 'Firozabad'),
(401, 'Firozpur'),
(402, 'Gadhaga'),
(403, 'Gadchiroli'),
(404, 'Gadwal'),
(405, 'Ganaur'),
(406, 'Gandhinagar'),
(407, 'Gangtok'),
(408, 'Ganjam'),
(409, 'Garhwa'),
(410, 'Gauripur'),
(411, 'Gaya'),
(412, 'Gharaunda'),
(413, 'Ghatampur'),
(414, 'Ghatanji'),
(415, 'Ghatshila'),
(416, 'Ghaziabad'),
(417, 'Ghazipur'),
(418, 'Giddarbaha'),
(419, 'Girridh'),
(420, 'Goa'),
(421, 'Goalpara'),
(422, 'Gobindgarh'),
(423, 'Gobranawapara '),
(424, 'Godda'),
(425, 'Godhra'),
(426, 'Gogri Jamalpur '),
(427, 'Gohana'),
(428, 'Gokak'),
(429, 'Golaghat'),
(430, 'Gomoh'),
(431, 'Gondiya'),
(432, 'Gooty'),
(433, 'Gopalganj'),
(434, 'Gorakhpur'),
(435, 'Greater Noida'),
(436, 'Gudalur'),
(437, 'Gudivada'),
(438, 'Gudur'),
(439, 'Gulbarga'),
(440, 'Gumia'),
(441, 'Gumla'),
(442, 'Guna'),
(443, 'Gundlupet '),
(444, 'Guntakal '),
(445, 'Guntur '),
(446, 'Gunupur '),
(447, 'Gurdaspur '),
(448, 'Gurgaon '),
(449, 'Guruvayoor '),
(450, 'Guwahati '),
(451, 'Gwalior '),
(452, 'Haflong'),
(453, 'Hailakandi'),
(454, 'Hajipur'),
(455, 'Haldia'),
(456, 'Haldwani'),
(457, 'Haibat (Yamuna Nagar)'),
(458, 'Haryana'),
(459, 'Hamirpur, Himachal Pradesh'),
(460, 'Hamirpur, Uttar Pradesh'),
(461, 'Hansi'),
(462, 'Hanumangarh'),
(463, 'Harda'),
(464, 'Hardoi'),
(465, 'Haridwar'),
(466, 'Harsawa'),
(467, 'Haasana'),
(468, 'Hastinapur'),
(469, 'Hathras'),
(470, 'Hazaribag'),
(471, 'Hilsa'),
(472, 'Himatnagar'),
(473, 'Hindupur'),
(474, 'Hinjilicut'),
(475, 'Hisar'),
(476, 'Hisua'),
(477, 'Hodal'),
(478, 'Hojai'),
(479, 'Hoshiarpur'),
(480, 'Hosapet'),
(481, 'Howrah'),
(482, 'Hubbali'),
(483, 'Hugli-Chuchura'),
(484, 'Hussainabad'),
(485, 'Hyderabad'),
(486, 'Ichalkaranji '),
(487, 'Ichchapuram '),
(488, 'Idar '),
(489, 'Imphal'),
(490, 'Indore '),
(491, 'Indranagar '),
(492, 'Irinjalakuda '),
(493, 'Islampur '),
(494, 'Itanagar'),
(495, 'Itarsi '),
(496, 'Jabalpur '),
(497, 'Jagadhri '),
(498, 'Jagatsinghapur '),
(499, 'Jagdalpur '),
(500, 'Jagdispur '),
(501, 'Jaggaiahpet '),
(502, 'Jagraon '),
(503, 'Jagtial '),
(504, 'Jaipur '),
(505, 'Jais '),
(506, 'Jaisalmer'),
(507, 'Jaitaran'),
(508, 'Jaitu'),
(509, 'Jajapur'),
(510, 'Jajmau'),
(511, 'Jalalabad'),
(512, 'Jalna'),
(513, 'Jalandhar'),
(514, 'Jaleswar'),
(515, 'Jalgaon'),
(516, 'Jalore'),
(517, 'Jamalpur'),
(518, 'Jammalamadugu '),
(519, 'Jammu '),
(520, 'Jamnagar '),
(521, 'Jamshedpur '),
(522, 'Jamtara '),
(523, 'Jamui'),
(524, 'Jandiala'),
(525, 'Jangaon'),
(526, 'Jangir'),
(527, 'Jashpurnagar'),
(528, 'Jaspur'),
(529, 'Jatani'),
(530, 'Jaunpur'),
(531, 'Jehanabad'),
(532, 'Jeypur'),
(533, 'Jhabua'),
(534, 'Jhajha'),
(535, 'Jhajjar'),
(536, 'Jhalawar'),
(537, 'Jhanjharpur'),
(538, 'Jhansi'),
(539, 'Jhargram'),
(540, 'Jharsuguda'),
(541, 'Jhumri Tilaiya'),
(542, 'Jhunjhunu'),
(543, 'Jind'),
(544, 'Joda'),
(545, 'Jodhpur'),
(546, 'Jogabani'),
(547, 'Jogendranagar '),
(548, 'Jorhat '),
(549, 'Jowai '),
(550, 'Junagadh '),
(551, 'Junnar '),
(552, 'Kadapa '),
(553, 'Kadi'),
(554, 'Kadiri'),
(555, 'Kadirur'),
(556, 'Kagaznagar'),
(557, 'Kailaras'),
(558, 'Kailasahar'),
(559, 'Kaithal'),
(560, 'Kakching'),
(561, 'Kakinda'),
(562, 'Kalan Wali'),
(563, 'Kalavad'),
(564, 'Kalburgi'),
(565, 'Kalimpong'),
(566, 'Kalka'),
(567, 'Kaliasseri'),
(568, 'Kalpi'),
(569, 'Kalol'),
(570, 'Kalpetta'),
(571, 'Kalyan'),
(572, 'Kalyandurg'),
(573, 'Kamareddy'),
(574, 'Kamthi'),
(575, 'Kanchipuram'),
(576, 'Kandukur'),
(577, 'Kanhangad'),
(578, 'Kanjikkuzhi '),
(579, 'Kanker'),
(580, 'Kannur'),
(581, 'Kantabanji'),
(582, 'Kanti'),
(583, 'Kapadvanj'),
(584, 'Kapurthala'),
(585, 'Karad'),
(586, 'Karaikal'),
(587, 'Karaikudi'),
(588, 'Karanjia'),
(589, 'Karimganj'),
(590, 'Karimnagar'),
(591, 'Karjan'),
(592, 'Kaarkala'),
(593, 'Karnal'),
(594, 'Karoram'),
(595, 'Kartapur'),
(596, 'Karur'),
(597, 'Karungal'),
(598, 'Kaarawaara '),
(599, 'Kasaragod '),
(600, 'Kashipur '),
(601, 'Kathua '),
(602, 'Katihar '),
(603, 'Katni '),
(604, 'Kavali '),
(605, 'Kavaratti '),
(606, 'Kawardha '),
(607, 'Kayamkulam '),
(608, 'Kendrapara '),
(609, 'Kendujhar '),
(610, 'Keshod '),
(611, 'Keylong '),
(612, 'Khagaria'),
(613, 'Khambhalia'),
(614, 'Khambhat'),
(615, 'Khammam'),
(616, 'Kharagpur'),
(617, 'Kharar'),
(618, 'Kheda'),
(619, 'Khedbrahma'),
(620, 'Kheralu'),
(621, 'Kheri'),
(622, 'Khordha'),
(623, 'Khunti'),
(624, 'Khurai '),
(625, 'Kichha '),
(626, 'Kishanganj '),
(627, 'Kochi '),
(628, 'Kodad '),
(629, 'Kodinar '),
(630, 'Kodungallur '),
(631, 'Kohima'),
(632, 'Kokrajhar '),
(633, 'Kolaara '),
(634, 'Kolhapur '),
(635, 'Kolkata '),
(636, 'Kollam '),
(637, 'Kollankodu '),
(638, 'Kondagaon '),
(639, 'Konnagar '),
(640, 'Koothuparamba '),
(641, 'Koraput '),
(642, 'Korba '),
(643, 'Koratla '),
(644, 'Kot Kapura '),
(645, 'Kota, Karnataka'),
(646, 'Kota, Rajasthan'),
(647, 'Kota, Uttar Pradesh'),
(648, 'Kotdwara'),
(649, 'Kothagudem '),
(650, 'Kothamangalam '),
(651, 'Kothapeta '),
(652, 'Krishnanagar '),
(653, 'Kottayam '),
(654, 'Kuchinda '),
(655, 'Kunnamkulam '),
(656, 'Kurali '),
(657, 'Kyathampalle '),
(658, 'Kurnool '),
(659, 'Lachhmangarh '),
(660, 'Ladnu '),
(661, 'Laharpur '),
(662, 'Lakheri '),
(663, 'Lakhimpur '),
(664, 'Lakhisarai '),
(665, 'Lakshmishawara '),
(666, 'Lal Gopalganj Nindaura'),
(667, 'Lalganj, Bihar '),
(668, 'Lalgudi '),
(669, 'Lalitpur '),
(670, 'Lalganj, Uttar Pradesh '),
(671, 'Latur '),
(672, 'Lingsuguru '),
(673, 'Lonar '),
(674, 'Lonavla '),
(675, 'Loha '),
(676, 'Lucknow'),
(677, 'Ludhiana '),
(678, 'Lunawada '),
(679, 'Machilipatnam '),
(680, 'Madanapalle '),
(681, 'Maddhuru '),
(682, 'Madgaon '),
(683, 'Madhepura '),
(684, 'Madhubani '),
(685, 'Madhugiri '),
(686, 'Madurai '),
(687, 'Mahabaleswar '),
(688, 'Mahalingapura '),
(689, 'Maharajganj '),
(690, 'Maharajpur '),
(691, 'Mahendragarh, Chhattisgarh '),
(692, 'Mahoba '),
(693, 'Mahuva '),
(694, 'Mahwa '),
(695, 'Maihar '),
(696, 'Makrana '),
(697, 'Malegaon '),
(698, 'Manawar '),
(699, 'Mandawa '),
(700, 'Mandideep '),
(701, 'Mandvi '),
(702, 'Mangalooru '),
(703, 'Mangrol, Gujarat '),
(704, 'Mansa, Punjab '),
(705, 'Marigaon '),
(706, 'Mathura '),
(707, 'Maur '),
(708, 'Meerut '),
(709, 'Mhowgaon '),
(710, 'Mihijam '),
(711, 'Mirzapur '),
(712, 'Modinagar '),
(713, 'Mohali '),
(714, 'Moradabad '),
(715, 'Motihari '),
(716, 'Mount Abu '),
(717, 'Mukatsar '),
(718, 'Munger '),
(719, 'Murshidabad '),
(720, 'Mussoorie '),
(721, 'Muzaffarnagar '),
(722, 'Muzaffarpur '),
(723, 'Mysooru '),
(724, 'Nagpur '),
(725, 'Nainital '),
(726, 'Naraura '),
(727, 'Narwana '),
(728, 'Nashik '),
(729, 'Nasirabad '),
(730, 'Navi '),
(731, 'Nawabganj '),
(732, 'Nawada '),
(733, 'Nellore '),
(734, 'Neyveli '),
(735, 'Noida '),
(736, 'Noorpur '),
(737, 'Palai '),
(738, 'Palanpur '),
(739, 'Pondur '),
(740, 'Panaji'),
(741, 'Panchkula '),
(742, 'Panipat '),
(743, 'Panvel '),
(744, 'Parola '),
(745, 'Pathankot '),
(746, 'Patiala '),
(747, 'Patna'),
(748, 'Pinjore '),
(749, 'Pune '),
(750, 'Puri '),
(751, 'Rae Bareli '),
(752, 'Raigarh '),
(753, 'Raikot '),
(754, 'Raipur'),
(755, 'Rajkot '),
(756, 'Ranchi '),
(757, 'Raurkela '),
(758, 'Rewa '),
(759, 'Saharanpur '),
(760, 'Samastipur '),
(761, 'Satna '),
(762, 'Sikandrabad '),
(763, 'Siliguri '),
(764, 'Silvassa'),
(765, 'Singrauli '),
(766, 'Solapur '),
(767, 'Sonipat '),
(768, 'Surat '),
(769, 'Tehri '),
(770, 'Thirupuvanam '),
(771, 'Thiruvananthapuram '),
(772, 'Udaipur, Rajasthan '),
(773, 'Udaipur, Tripura '),
(774, 'Ujjain '),
(775, 'Vadodara '),
(776, 'Varanasi '),
(777, 'Vellore '),
(778, 'Visakhapatnam '),
(779, 'Vrindavan '),
(780, 'Yamunanagar '),
(781, 'Zahirabad ');

-- --------------------------------------------------------

--
-- Table structure for table `college`
--

CREATE TABLE IF NOT EXISTS `college` (
  `colid` varchar(10) NOT NULL DEFAULT '',
  `colname` varchar(100) DEFAULT NULL,
  `address` varchar(50) DEFAULT NULL,
  PRIMARY KEY (`colid`),
  UNIQUE KEY `colid` (`colid`)
) ENGINE=MyISAM DEFAULT CHARSET=latin1;

--
-- Dumping data for table `college`
--

INSERT INTO `college` (`colid`, `colname`, `address`) VALUES
('C0001', 'Indian Institute of Technology, Bombay', 'Mumbai'),
('C0002', 'Indian Institute of Technology, Kanpur', 'Kanpur'),
('C0003', 'Indian Institute of Technology, Delhi', 'Delhi'),
('C0004', ' Indian Institute of Technology, Kharagpur', 'Kharagpur'),
('C0005', ' Indian Institute of Technology, Madras', 'Chennai'),
('C0006', ' Indian Institute of Technology, Guwahati', 'Guwahati'),
('C0007', ' Indian Institute of Technology, Roorkee', 'Roorkee'),
('C0008', 'Banaras Hindu University', 'Varanasi'),
('C0009', ' College of Engineering, Anna University', 'Chennai'),
('C0010', ' Jadavpur University', 'Kolkata'),
('C0011', 'All India Institute of Medical Sciences', 'New Delhi'),
('C0012', 'Lady Hardinge Medical College', 'New Delhi'),
('C0013', 'Academy of Maritime Education and Training (AMET)', 'Kanathur'),
('C0014', 'IIM Ahmedabad', 'Ahmedabad'),
('C0015', 'IIM Calcutta', 'Kolkata'),
('C0016', 'IIM Bangalore', 'Bangalore'),
('C0017', 'IIM Lucknow', 'Lucknow'),
('C0018', 'Faculty of Management Studies', 'New Delhi'),
('C0019', 'IIM Kozhikode', 'Kerala'),
('C0020', 'IIM Indore', 'Indore'),
('C0021', 'Christ University', 'Bangalore'),
('C0022', 'SRM University', 'Chennai'),
('C0023', 'Madras Christian College', 'Chennai'),
('C0024', 'Symbiosis Institute of Computer Studies & Research', 'Pune'),
('C0025', 'Birla Institute of Technology', 'Ranchi'),
('C0026', 'Presidency College', 'Karnataka'),
('C0027', 'Xavier Institute of Computer Application', 'Ahmedabad'),
('C0028', 'Delhi University', 'New Delhi'),
('C0029', 'Allahabad University', 'Allahabad'),
('C0030', 'National Institute of Design', 'Ahmedabad'),
('C0031', 'Industrial Design Centre (IDC )', 'Mumbai'),
('C0032', 'Indian Institute of Digital Art & Animation (IIDAA )', 'Kolkata'),
('C0033', 'Film and Television Institute of India (FTII)', 'Pune'),
('C0034', 'Birla Institute of Technology', 'Noida'),
('C0035', 'MAEER’s MIT Institute of Design', 'Pune'),
('C0036', 'FX SCHOOL', 'Mumbai'),
('C0037', 'Frameboxx', 'Mumbai'),
('C0038', 'Arena Animation', 'Various Branches'),
('C0039', 'National Law school of India University', 'Bangalore'),
('C0040', 'National Law University', 'Jodhpur'),
('C0041', 'National University of Juridical Sciences', 'Kolkata'),
('C0042', 'National Academy of Legal Studies', 'Hyderabad'),
('C0043', 'Faculty of Law, DU', 'New Delhi'),
('C0044', 'Indian Law Institute', 'New Delhi'),
('C0045', 'University Law School', 'Varanasi'),
('C0046', 'DOEACC, Calicut', 'Calicut'),
('C0047', 'Reliance World Outlets', NULL),
('C0048', 'Institute of Information Security', 'Kolkata'),
('C0049', 'Certified Professional Forensics Consultants', NULL),
('C0050', 'University of Madras', 'Chennai, Tamil Nadu'),
('C0051', 'School of Planning and Architecture', 'New Delhi'),
('C0052', 'Sir JJ College of Architecture', 'Mumbai'),
('C0053', 'National Institute of Technology', 'Thiruchirapalli, Tamil Nadu'),
('C0054', 'Lovely Professional University', 'Jalandhar, Punjab '),
('C0055', ' Chandigarh College of Architecture', 'Chandigarh'),
('C0056', 'Jamia Millia Islamia University (JMI)', 'New Delhi'),
('C0057', 'Lady Shriram College for Women (LSR)', 'Lajpat Nagar-IV, Delhi'),
('C0058', 'Loyola College', 'Sterling Road, Nungambakkam, Chennai'),
('C0059', 'St. Stephen''s College', 'North Campus, Delhi'),
('C0060', 'St. Xavier''s College', 'Mumbai'),
('C0061', 'The Oxford College of Science', 'Bangalore, Karnataka'),
('C0062', 'Shri Ram College of Commerce', 'New Delhi'),
('C0063', 'Center of Excellence in Digital Forensics', 'Chennai, Tamil Nadu'),
('C0064', 'Tata Institute of Fundamental Research', 'Mumbai'),
('C0065', 'Institute of Genetic Engineering, Badu', 'Kolkata'),
('C0066', 'Indian Institute of Science', 'Bangalore'),
('C0067', 'Jawaharlal Nehru University', NULL),
('C0068', 'Hacker School', 'Hyderabad'),
('C0069', 'Technocorp', 'Pune'),
('C0070', 'Punjab Technical University', 'Jalandhar'),
('C0071', 'Manipal Institute of Technology', 'Mangalore'),
('C0072', 'Mumbai University', 'Mumbai'),
('C0073', 'Motilal Nehru National University of Technology', 'Allahabad'),
('C0074', 'Institute of Management Studies (IMS)', 'Noida'),
('C0075', ' All India Institute of Medical Sciences (AIIMS),', 'Delhi'),
('C0076', ' Christian Medical College (CMC), ', 'Vellore'),
('C0077', ' Armed Forces Medical College (AFMC), ', 'Pune'),
('C0078', ' JIPMER College, ', 'Puducherry'),
('C0079', ' Maulana Azad Medical College (MAMC), ', 'Delhi'),
('C0080', 'Lady Hardinge Medical College (LHMC), ', 'Delhi'),
('C0081', ' Madras Medical College, ', 'Chennai'),
('C0082', ' Grant Medical College, ', 'Mumbai'),
('C0083', ' Kasturba Medical College (KMC), ', 'Manipal'),
('C0084', 'Mudra Institute of Communications, ', 'Ahmedabad'),
('C0085', 'The Indian Institute of Mass Communication (IIMC', NULL),
('C0086', 'THE TIMES SCHOOL OF JOURNALISM', NULL),
('C0087', 'Symbiosis Institute of Mass Communication, ', 'Pune'),
('C0088', 'The Xavier Institute of Communications (XIC)', NULL),
('C0089', 'Sardar Patel Institute of Applied Science (SPIAS), ', 'Anand (Gujarat)'),
('C0090', 'North East Frontier Technical University, ', 'Arunachal Pradesh'),
('C0091', 'Himalayan University:Faculty of Agriculture and Horticulture, ', 'Itanagar, Arunachal Pradesh'),
('C0092', 'Kurukshetra University : Department of Microbiology, ', 'Kurukshetra (Haryana)'),
('C0093', 'GITAM University School of Life Sciences of Institute of Science ', 'Vishakapatnam (Andhra Pradesh)'),
('C0094', 'Mount Carmel College, ', 'Bangalore, Karnataka');

-- --------------------------------------------------------

--
-- Table structure for table `course`
--

CREATE TABLE IF NOT EXISTS `course` (
  `coid` int(11) NOT NULL AUTO_INCREMENT,
  `coname` varchar(100) DEFAULT NULL,
  PRIMARY KEY (`coid`)
) ENGINE=MyISAM  DEFAULT CHARSET=latin1 AUTO_INCREMENT=101 ;

--
-- Dumping data for table `course`
--

INSERT INTO `course` (`coid`, `coname`) VALUES
(1, 'Advanced diploma in Dredging technology '),
(2, 'Appreciation Programme on Citizen Journalism'),
(3, 'Bachelor in Hotel Management'),
(4, 'Bachelor of Architecture '),
(5, 'Bachelor of Architecture Interior Design'),
(6, 'Bachelor of Arts & Bachelor of Law'),
(7, 'Bachelor of Arts (General) '),
(8, 'Bachelor of Arts Acient Indian Culture'),
(9, 'Bachelor of Arts Arabic (Honors)'),
(10, 'Bachelor of Arts Bengali (Honors)'),
(11, 'Bachelor of Arts Business Economics (Honors)'),
(12, 'Bachelor of Arts Economics'),
(13, 'Bachelor of Arts Economics (Honors)'),
(14, 'Bachelor of Arts Education'),
(15, 'Bachelor of Arts English '),
(16, 'Bachelor of Arts English (Honors)'),
(17, 'Bachelor of Arts Folklore '),
(18, 'Bachelor of Arts Geography'),
(25, 'Master of Buisness Administration'),
(20, 'Bachelor of Arts Gujarati '),
(21, 'Bachelor of Computer Application'),
(22, 'Bachelor of Science'),
(23, 'Bachelor of Technology'),
(24, 'Bachelor of Commerce'),
(26, 'Bachelor of Arts in Animation & Computer Graphics'),
(27, 'Bachelor of Arts in Animation and Graphic Design'),
(28, 'Bachelor of Arts in Digital Film Making & Animation'),
(29, 'Bachelor of Arts in Multimedia'),
(30, 'Mechanical animation'),
(31, 'M.Sc in Cyber Forensics and Information Security'),
(32, 'Bachelor of Multimedia Communication'),
(33, 'Bachelor of Science in Animation & Gaming'),
(34, 'Bachelor of Science in Animation and Multimedia'),
(36, 'Bachelor of Science in Animation Film Making'),
(37, 'Bachelor of Science in Animation'),
(38, 'Bachelor of Science in Digital Media'),
(39, 'Bachelor of Science in Games Development'),
(40, 'Bachelor of Science in Media Entertainment & Film Technology'),
(41, 'Bachelor of Science in Multimedia (Animation and Graphics)'),
(42, 'Bachelor of Sciences in Animation Multimedia Technology'),
(43, 'Master of Laws(L.L.M.)'),
(44, 'Master of Business Law'),
(45, 'Doctor of Philosophy'),
(46, 'PG Diploma in Information Security and System Administration '),
(47, 'Certified Ethical Hacker Course '),
(48, 'Diploma in Computer Application'),
(49, 'Advance Diploma in Cyber Security(ADCS)'),
(50, 'Diploma in Security and intelligence Management'),
(51, 'Diploma in Cyber Security'),
(52, 'Post Graduate Diploma in Cyber Law and Information Security (PGDCIS)'),
(53, 'Post Graduate Diploma in Cyber Security'),
(54, 'Certified Information Security Manager (CISM)'),
(55, 'Certified Information Systems Security Professional (CISSP)'),
(56, 'Certified Security Compliance Specialist (CSCS)'),
(57, 'Certified Wireless Security Professional (CWSP)'),
(58, 'Check Point Certified Security Administrator (CCSA)'),
(59, 'Check Point Certified Security Expert (CCSE)'),
(60, 'Cisco Certified Network Associate Security (CCNA Security)'),
(61, 'Bachelor of Fine Arts in Animation'),
(62, 'Master of Technology'),
(63, 'Bachelor of Management Studies'),
(64, 'Bachelor of Business Studies'),
(65, 'Bachelor of Medicine and Bachelor of Surgery'),
(66, 'Master of Arts (MA)'),
(67, 'Master of Philosophy(M.Phil.)'),
(68, 'Bachelor in Journalism'),
(71, 'B.A-Photography '),
(89, 'Bachelor of Science in Applied Microbiology'),
(90, 'Bachelor of Science in Clinical Microbiology'),
(91, 'Bachelor of Science in Industrial Microbiology'),
(92, 'Bachelor of Science in Microbiology'),
(93, 'Bachelor of Science in Food Microbiology'),
(94, 'Master of Science in Applied Microbiology'),
(95, 'Master of Science in Clinical Microbiology'),
(96, 'Master of Science in Industrial Microbiology'),
(97, 'Master of Science in Medical Microbiology'),
(98, 'Master of Science in Microbiology'),
(99, 'Master of Science in Microbal Genetics and Bioinformatics'),
(100, 'Bachelors of Laws(L.L.B.)');

-- --------------------------------------------------------

--
-- Table structure for table `coursemaster`
--

CREATE TABLE IF NOT EXISTS `coursemaster` (
  `coid` int(11) NOT NULL AUTO_INCREMENT,
  `coname` varchar(100) DEFAULT NULL,
  PRIMARY KEY (`coid`)
) ENGINE=MyISAM  DEFAULT CHARSET=latin1 ROW_FORMAT=DYNAMIC AUTO_INCREMENT=101 ;

--
-- Dumping data for table `coursemaster`
--

INSERT INTO `coursemaster` (`coid`, `coname`) VALUES
(4, 'Bachelor of Architecture '),
(7, 'Bachelor of Arts (General) '),
(21, 'Bachelor of Computer Application'),
(22, 'Bachelor of Science'),
(23, 'Bachelor of Technology'),
(24, 'Bachelor of Commerce'),
(31, 'M.Sc in Cyber Forensics and Information Security'),
(37, 'Bachelor of Science in Animation'),
(43, 'Master of Laws(L.L.M.)'),
(45, 'Doctor of Philosophy'),
(47, 'Certified Ethical Hacker Course '),
(48, 'Diploma in Computer Application'),
(62, 'Master of Technology'),
(63, 'Bachelor of Management Studies'),
(64, 'Bachelor of Business Administration'),
(65, 'Bachelor of Medicine and Bachelor of Surgery'),
(66, 'Master of Arts (MA)'),
(67, 'Master of Philosophy(M.Phil.)'),
(68, 'Bachelor in Journalism'),
(92, 'Bachelor of Science in Microbiology'),
(98, 'Master of Science in Microbiology'),
(100, 'Bachelors of Laws(L.L.B.)');

-- --------------------------------------------------------

--
-- Table structure for table `course_college`
--

CREATE TABLE IF NOT EXISTS `course_college` (
  `colid` varchar(10000) NOT NULL,
  `coid` varchar(10000) NOT NULL
) ENGINE=MyISAM DEFAULT CHARSET=latin1;

--
-- Dumping data for table `course_college`
--

INSERT INTO `course_college` (`colid`, `coid`) VALUES
('C0051', '4'),
('C0004', '4'),
('C0007', '4'),
('C0052', '4'),
('C0053', '4'),
('C0010', '4'),
('C0025', '4'),
('C0054', '4'),
('C0055', '4'),
('C0056', '4'),
('C0057', '7'),
('C0058', '7'),
('C0059', '7'),
('C0060', '7'),
('C0021', '7'),
('C0023', '7'),
('C0028', '7'),
('C0001', '23'),
('C0002', '23'),
('C0003', '23'),
('C0004', '23'),
('C0005', '23'),
('C0006', '23'),
('C0007', '23'),
('C0008', '23'),
('C0009', '23'),
('C0010', '23'),
('C0021', '21'),
('C0022', '21'),
('C0022', '23'),
('C0023', '21'),
('C0024', '21'),
('C0025', '21'),
('C0025', '23'),
('C0026', '21'),
('C0027', '21'),
('C0034', '23'),
('C0059', '22'),
('C0058', '22'),
('C0060', '22'),
('C0021', '22'),
('C0023', '22'),
('C0061', '22'),
('C0028', '22'),
('C0029', '22'),
('C0054', '22'),
('C0026', '22'),
('C0062', '24'),
('C0057', '24'),
('C0058', '24'),
('C0060', '24'),
('C0021', '24'),
('C0054', '24'),
('C0029', '24'),
('C0028', '24'),
('C0050', '31'),
('C0063', '31'),
('C0032', '37'),
('C0034', '37'),
('C0039', '43'),
('C0043', '43'),
('C0041', '43'),
('C0040', '43'),
('C0042', '43'),
('C0054', '43'),
('C0008', '43'),
('C0029', '43'),
('C0039', '100'),
('C0040', '100'),
('C0041', '100'),
('C0043', '100'),
('C0008', '100'),
('C0022', '100'),
('C0056', '45'),
('C0064', '45'),
('C0065', '45'),
('C0066', '45'),
('C0067', '45'),
('C0047', '47'),
('C0048', '47'),
('C0068', '47'),
('C0069', '47'),
('C0028', '48'),
('C0060', '48'),
('C0056', '48'),
('C0070', '48'),
('C0071', '48'),
('C0072', '48'),
('C0001', '62'),
('C0002', '62'),
('C0003', '62'),
('C0004', '62'),
('C0005', '62'),
('C0006', '62'),
('C0007', '62'),
('C0008', '62'),
('C0073', '62'),
('C0010', '62'),
('C0014', '63'),
('C0015', '63'),
('C0016', '63'),
('C0018', '63'),
('C0020', '63'),
('C0054', '63'),
('C0019', '63'),
('C0021', '64'),
('C0022', '64'),
('C0023', '64'),
('C0074', '64'),
('C0057', '66'),
('C0058', '66'),
('C0059', '66'),
('C0060', '66'),
('C0021', '66'),
('C0026', '66'),
('C0023', '66'),
('C0054', '66'),
('C0075', '65'),
('C0076', '65'),
('C0077', '65'),
('C0078', '65'),
('C0079', '65'),
('C0080', '65'),
('C0081', '65'),
('C0082', '65'),
('C0083', '65'),
('C0028', '67'),
('C0010', '67'),
('C0021', '67'),
('C0023', '67'),
('C0054', '67'),
('C0084', '68'),
('C0085', '68'),
('C0086', '68'),
('C0087', '68'),
('C0088', '68'),
('C0089', '92'),
('C0090', '92'),
('C0091', '92'),
('C0092', '92'),
('C0093', '92'),
('C0059', '98'),
('C0058', '98'),
('C0060', '98'),
('C0021', '98'),
('C0023', '98'),
('C0054', '98'),
('C0026', '98'),
('C0094', '98');

-- --------------------------------------------------------

--
-- Table structure for table `news`
--

CREATE TABLE IF NOT EXISTS `news` (
  `nid` int(11) NOT NULL AUTO_INCREMENT,
  `news` varchar(5000) NOT NULL,
  PRIMARY KEY (`nid`),
  KEY `news` (`news`(1000)),
  KEY `news_2` (`news`(1000))
) ENGINE=MyISAM  DEFAULT CHARSET=latin1 AUTO_INCREMENT=15 ;

--
-- Dumping data for table `news`
--

INSERT INTO `news` (`nid`, `news`) VALUES
(13, 'Tamil Nadu Public Service Comission'),
(14, 'UP Polytechnic JEECUP Counselling'),
(12, 'SAAT 2016 Counsellimg Registration'),
(11, 'AUCET 2016 COUNSELLING');

-- --------------------------------------------------------

--
-- Table structure for table `register`
--

CREATE TABLE IF NOT EXISTS `register` (
  `uid` int(11) NOT NULL AUTO_INCREMENT,
  `fname` varchar(100) NOT NULL,
  `lname` varchar(100) NOT NULL,
  `pass` varchar(50) NOT NULL,
  `mail` varchar(100) NOT NULL,
  `mobile` varchar(10) NOT NULL,
  `interest` varchar(30) NOT NULL,
  `course` varchar(100) NOT NULL,
  `city` varchar(50) NOT NULL,
  `upic` varchar(1000) NOT NULL,
  PRIMARY KEY (`uid`),
  UNIQUE KEY `mobile` (`mobile`)
) ENGINE=MyISAM  DEFAULT CHARSET=latin1 AUTO_INCREMENT=36 ;

--
-- Dumping data for table `register`
--

INSERT INTO `register` (`uid`, `fname`, `lname`, `pass`, `mail`, `mobile`, `interest`, `course`, `city`, `upic`) VALUES
(29, 'Suraj', 'Kumar', '0abd0df55eb02d47bf2d3e301d3310c4d084e10b', 'suraj@sun.com', '9674851023', 'Arts', 'Bachelor in Hotel Management', 'Murshidabad ', 'Userpics/a5.jpg');

-- --------------------------------------------------------

--
-- Table structure for table `updatemaster`
--

CREATE TABLE IF NOT EXISTS `updatemaster` (
  `upid` int(11) NOT NULL AUTO_INCREMENT,
  `updates` varchar(1000) NOT NULL,
  PRIMARY KEY (`upid`)
) ENGINE=MyISAM  DEFAULT CHARSET=latin1 AUTO_INCREMENT=8 ;

--
-- Dumping data for table `updatemaster`
--

INSERT INTO `updatemaster` (`upid`, `updates`) VALUES
(2, 'IBPS-CWE Specialist-V'),
(3, 'IBPS-CWE CLERK-VI MAINS'),
(4, 'RBI Officers Gr-B'),
(5, 'RBI Officer in(Gr-B)Advt No. 2A/2016-17'),
(6, 'UPSC-CDS Exam(II)2017'),
(7, 'UPSC-NDA  & NA Exam(II)2017');
